用例ID	优先级	模块	用例标题	类型	云端适用性	前置条件	测试数据/参数	测试步骤	预期结果	自动化建议	状态	执行层级	负责人	最近执行日期	缺陷ID	证据链接	备注
NAV-001	P0	首页与路由	首页核心内容加载	正向	适用	打开线上根路径	/	访问根路径；等待页面完成加载	标题为“动画工厂 · XSXB Frame Tuner”；核心入口和流程区可见；无阻塞性错误	Playwright	通过	PR	待分配	2026-08-09	—	—	线上 Edge 与应用内浏览器复测：HTTP 200、主标题和正文可见、页面错误为 0。原截图仅反映 Computer Use 网页内容捕获限制，撤销误报 BUG-20260809-001，不作为产品缺陷。
NAV-002	P0	首页与路由	动画项目入口	正向	适用	首页已加载	/projects	点击“动画项目”或“进入动画项目”	进入 /projects；项目中心可见	Playwright	通过	PR	待分配	2026-08-09	—	—	线上 Edge 直达与本地入口链路均通过；项目中心正文可见。
NAV-003	P0	首页与路由	快速工具入口	正向	适用	首页已加载	/tools	点击“打开快速工具”	进入 /tools；快速工具卡片可见	Playwright	通过	PR	待分配	2026-08-09	—	—	线上 Edge 直达与本地入口链路均通过；快速工具正文可见。
NAV-004	P0	首页与路由	核心工作台入口	正向	适用	首页已加载	/workspace?guide=character	点击“打开核心工作台”	进入工作台；角色起稿引导按参数出现	Playwright	通过	PR	待分配	2026-08-09	—	—	线上目标路由 HTTP 200；本地 Edge 工作台及引导相关回归通过。
NAV-005	P0	首页与路由	六个工位路由完整性	参数化	适用	首页已加载	/workspace、/tools/import、/tools/cutout、/tools/organizer、/tools/scatter-slice、/tools/watermark	依次点击六个工位卡片；记录最终 URL 和页面标题	每个入口进入对应页面；无 404、白屏或错误跳转	Playwright 参数化	通过	PR	待分配	2026-08-09	—	—	六个线上工位路由均返回 HTTP 200；Edge 全套路由和交互回归通过。
NAV-006	P1	首页与路由	页内锚点导航	正向	适用	首页已加载	#factoryTools、#workflow、#localFirst	依次点击“工作台”“生产流程”“本地处理”	视口滚动到对应区块；焦点/URL 锚点合理	Playwright	未执行	Nightly	待分配	—	—	—	—
NAV-007	P1	首页与路由	浏览器前进后退	状态	适用	已从首页进入工具页	首页→工具→抠图	连续导航；使用浏览器后退和前进	页面和工具状态按路由恢复；无重复弹窗或崩溃	Playwright	未执行	Nightly	待分配	—	—	—	—
NAV-008	P1	首页与路由	未保存离开保护	异常	适用	工作台存在未保存调参	修改水平位置 +1	点击“工具”；依次验证取消、保存并离开、放弃	取消留在工作台；保存后离开且值持久；放弃后离开且不保存	Playwright	未执行	Nightly	待分配	—	—	—	—
NAV-009	P2	首页与路由	键盘跳到主要内容	可访问性	适用	首页/工作台已加载	Tab、Enter	按 Tab 聚焦跳转链接；按 Enter	焦点进入主要内容；无焦点丢失	Playwright+Axe	未执行	Nightly	待分配	—	—	—	—
NAV-010	P2	首页与路由	中英文切换	国际化	适用	工作台已加载	中文、English	点击“中”和“EN”；遍历主面板和弹窗	静态及动态文案切换；选中状态持久；无混杂关键文案	Playwright	未执行	Nightly	待分配	—	—	—	—
PRJ-001	P0	项目中心	云端默认临时项目状态	状态/边界	适用	清除本站 IndexedDB 与浏览器项目数据	无	在同一浏览器访问 /projects	显示 browser-session（浏览器临时工作区）项目卡、新建项目和快速工具入口；无无效项目卡	Playwright	通过	Release	待分配	2026-08-10	—	docs/qa/2026-08-09-全链路测试执行记录.md	Edge 生产路由与项目中心冒烟通过：browser-session 临时项目、新建项目及快速工具入口可见，无无效项目卡。
PRJ-002	P0	项目中心	新建项目入口	正向	适用	项目中心已加载	createProject=1	点击“新建项目”	进入 /tools/organizer?createProject=1；显示新项目名称字段	Playwright	通过	PR	待分配	2026-08-09	—	—	Edge 真实素材闭环从 createProject=1 成功进入并填写项目元数据。
PRJ-003	P0	项目中心	通过图片导入创建项目	闭环	适用	打开新建项目导入页	项目“测试项目”；角色“Hero”；动画“idle”；2 张 PNG；12 FPS	填写元数据；选择图片；点击“应用到动画”；确认；保存；返回项目中心；重新打开项目动画	创建项目和动画组并进入 /workspace；项目中心可查询该项目；重新打开后 2 帧及元数据完整	Playwright	通过	PR	待分配	2026-08-09	—	—	使用 download.png 与 程序员敌人.png 完成创建、保存、项目中心查询、重新打开及 2 帧持久化校验。
PRJ-004	P0	项目中心	项目切换	状态	适用	至少两个项目	项目 A、项目 B	在项目下拉切换；确认未保存提示；确认切换	当前项目、动画组、URL 和画布全部切换到 B	Playwright	通过	Release	待分配	2026-08-09	—	—	Edge 精确回归：未保存状态下先取消并保持原项目，再确认切换；项目选择与工作台状态正确更新。
PRJ-005	P0	项目中心	清空项目确认与执行	破坏性	适用	项目含至少一个动画	清空项目	先取消一次；再确认	取消不改变数据；确认后动画列表为空、项目仍存在	Playwright	通过	Release	待分配	2026-08-09	—	—	Edge 精确回归：取消后动画仍可用；确认后动画选择禁用且项目仍保留。
PRJ-006	P0	项目中心	删除项目确认与执行	破坏性	适用	普通项目存在	删除项目	先取消；再确认	取消不删除；确认后项目从列表消失并选择可用项目	Playwright	通过	Release	待分配	2026-08-09	—	—	Edge 精确回归：取消后项目仍存在；确认后目标选项移除并自动选择其他可用项目。
PRJ-007	P1	项目中心	并发修订冲突	异常	本地优先	同一项目打开两个页面	baseRevision 旧值	页面 A 修改并保存；页面 B 执行清空/删除	页面 B 得到 revision_conflict；原数据不被旧状态覆盖	API+Playwright	未执行	Nightly	待分配	—	—	—	API/本地环境优先
PRJ-008	P1	项目中心	Codex Pets 系统项目禁止删除	权限	本地优先	环境具备 Pets 项目	codex_pets	选择 Pets 项目；尝试删除	删除按钮不可用或接口返回 protected_system_project；项目保留	API	未执行	Nightly	待分配	—	—	—	API/本地环境优先
PRJ-009	P1	项目中心	同名动画不静默覆盖	异常	适用	项目已有 idle	再次导入 idle	加入同名动画	出现冲突/新建或替换选择；不直接覆盖	Playwright	未执行	Nightly	待分配	—	—	—	—
PRJ-010	P1	项目中心	混合新建和替换原子性	事务	本地优先	项目有多个动画	一个新建、一个替换、一个故意非法	提交混合工作集	整批失败并回滚；不存在半完成结果	API 集成	未执行	Nightly	待分配	—	—	—	API/本地环境优先
PRJ-011	P1	项目中心	空项目注册表状态	边界	本地优先	可 mock 项目注册表 API 或使用本地测试服务	projects: []	令项目查询返回空数组；访问 /projects	显示无项目说明、新建项目和快速工具入口；不生成无效项目卡	API+Playwright mock	未执行	Nightly	待分配	—	—	—	API/本地环境优先；与云端默认 browser-session 分开验证
ORG-001	P0	序列处理	多图片导入	正向	适用	打开 /tools/import	PNG/JPEG/WebP 各 1；合法尺寸	多选导入	3 帧均出现；名称和源顺序正确	Playwright	通过	PR	待分配	2026-08-09	—	—	以真实 download.png 及其 FFmpeg 派生 JPEG/WebP 在 Edge 同批导入；3 帧均出现，文件名与选择顺序完全一致。
ORG-002	P1	序列处理	拖放和剪贴板导入	输入方式	适用	导入页已加载	PNG 文件	分别拖放、Cmd/Ctrl+V 粘贴	两种方式都加入工作集；无重复导入	Playwright	未执行	Nightly	待分配	—	—	—	—
ORG-003	P1	序列处理	非法图片和空文件	异常	适用	导入页已加载	0 字节、损坏 PNG、文本文件	尝试导入	非法文件被拒绝或跳过；显示清晰错误；已有工作集保留	Playwright	未执行	Nightly	待分配	—	—	—	—
ORG-004	P0	序列处理	导入元数据边界	边界	适用	导入页已加载	名称 80 字符；FPS 1、120	分别输入边界值并导入	边界值可接受并准确保存	Playwright	通过	Release	待分配	2026-08-10	—	—	Edge 创建两个 80 字符动画名，分别以 FPS 1 和 120 写入；/api/config 中名称完整且 speed 精确为 1/120。
ORG-005	P1	序列处理	导入元数据越界	异常	适用	导入页已加载	名称 81 字符；FPS 0、121、非数字	输入并提交	浏览器约束/业务校验阻止提交；不创建错误项目	Playwright	未执行	Nightly	待分配	—	—	—	—
ORG-006	P0	序列处理	视频取帧闭环	闭环	适用	浏览器支持目标视频	1 秒、8 FPS WebM	导入视频；范围 0–1；抽帧 8；提取	至少提取合理帧数；顺序正确；工作集可预览	Playwright+FFmpeg fixture	通过	Release	待分配	2026-08-09	—	—	使用真实 H.264 MP4“敌人-待机死亡传送.mp4”（1024×768、4.458 秒、4 FPS）成功提取不少于 12 帧并预览。
ORG-007	P1	序列处理	视频取帧 FPS 边界	边界	适用	视频已加载	1、60 FPS	分别设置并提取	接受 1 和 60；帧数与时长/FPS 关系合理	Playwright	未执行	Nightly	待分配	—	—	—	—
ORG-008	P1	序列处理	视频取帧非法范围	异常	适用	视频已加载	开始<0；结束>时长；开始≥结束	填写范围并提取	值被约束或提取按钮禁用；无崩溃和空白状态污染	Playwright	未执行	Nightly	待分配	—	—	—	—
ORG-009	P0	序列处理	反选工作集	正向	适用	4 帧，其中 1、3 入集	反选	点击“反选工作集”	1、3 排除，2、4 入集；计数更新	Playwright	通过	Release	待分配	2026-08-10	—	—	Edge 4 帧精确断言：初始 1/3 入集，反选后 1/3 排除、2/4 入集。
ORG-010	P0	序列处理	减帧边界	参数化	适用	20 帧全部入集	N=2、20	分别点击“减帧”	按规则保留帧；顺序稳定；N 边界可用	单元+Playwright	通过	Release	待分配	2026-08-10	—	—	Edge 20 帧边界回归：N=2 保留 10 帧，恢复全入集后 N=20 保留第 1 帧；顺序稳定。
ORG-011	P1	序列处理	减帧越界	异常	适用	工作集已加载	N=1、21、空值	输入并触发	输入约束到 2–20 或阻止执行；工作集不损坏	Playwright	未执行	Nightly	待分配	—	—	—	—
ORG-012	P0	序列处理	文件名与选择顺序	正向	适用	文件名顺序和选择顺序不同	frame_10、frame_2、frame_01	切换“文件名”“选择顺序”；恢复导入顺序	各排序模式结果正确；恢复后与初始导入一致	单元+Playwright	通过	Release	待分配	2026-08-10	—	—	Edge 精确验证自然文件名顺序与 FileList 选择顺序；切换策略并执行“恢复导入顺序”后结果准确。
ORG-013	P1	序列处理	拖动排序	交互	适用	至少 4 帧	将第 4 帧拖至第 1	拖动卡片并预览	网格、预览和导出顺序一致	Playwright	未执行	Nightly	待分配	—	—	—	—
ORG-014	P0	序列处理	水平翻转	图像	适用	导入非对称图片	水平翻转	点击“水平翻转”；切换原始/编辑结果	编辑结果水平镜像；原始图不变	视觉回归	通过	Release	待分配	2026-08-10	—	—	使用真实“程序员敌人.png”：翻转后编辑缩略图像素数据改变，切回原始视图的数据与翻转前完全一致。
ORG-015	P1	序列处理	跳变帧分析	算法	适用	含明显跳变帧序列	阈值 55、88、100	运行“寻找跳变帧”	结果随阈值合理变化；异常帧可定位	单元+Playwright	未执行	Nightly	待分配	—	—	—	Pro
ORG-016	P1	序列处理	重复帧分析	算法	适用	含精确和近似重复帧	阈值 88	运行“寻找重复帧”	识别重复项并可选择处理；原帧未自动删除	单元+Playwright	未执行	Nightly	待分配	—	—	—	Pro
ORG-017	P1	序列处理	循环段查找	算法	适用	含已知循环片段	起始自动/自定义；偏好自动/短/长	运行搜索；预览候选；保留循环段	候选区间正确；裁剪后只保留选择区间	单元+Playwright	未执行	Nightly	待分配	—	—	—	Pro；本轮真实 MP4 已覆盖搜索完成至 100%，候选正确性和裁剪保留仍待专用已知循环夹具验证。
ORG-018	P1	序列处理	循环起始帧边界	边界	适用	10 帧工作集	起始 1、10、11	运行搜索	1 和 10 接受；11 被约束或拒绝	Playwright	未执行	Nightly	待分配	—	—	—	Pro
ORG-019	P0	序列处理	删除与撤销	状态	适用	至少 3 帧	删除第 2 帧；1114×674 内容区	点击“删除选中”；检查预览/速度栏/状态栏边界；再点“撤销删除”	删除后 2 帧；预览、速度栏和状态操作区不交叠；撤销后原顺序和图像恢复	Playwright+elementFromPoint	通过	Release	待分配	2026-08-10	BUG-20260810-001；BUG-20260810-003	Edge 1114×674 回归测试	修复固定工作台的短高度空间挤压：速度栏改为流式布局，页脚紧凑排列。永久回归验证实际点击恢复 3 帧及 4 个主要页脚动作中心命中自身。
ORG-020	P1	序列处理	清空工作集离开保护	破坏性	适用	有未应用工作集	清空/返回首页	先取消；再确认	取消保持工作集；确认后清空或离开；焦点返回触发按钮	Playwright	通过	Nightly	待分配	2026-08-09	—	—	Edge 回归覆盖导入后离开：点击遮罩取消并保持工作集、焦点返回触发按钮；再次确认后进入工具中心。
ORG-021	P0	序列处理	PNG 序列导出 ZIP	闭环	适用	2 张有效 PNG	仅 PNG+frames.json	导出；读取 ZIP	含 2 张 PNG、frames.json、xsxb-animation.json；文件可解码	Playwright+ZIP 校验	通过	Release	待分配	2026-08-09	—	—	真实 2 PNG 导出 ZIP 通过；2 个帧文件、frames.json 与动画清单存在且 PNG 可解码。
ORG-022	P0	序列处理	Sprite Sheet 导出	闭环	适用	2 张有效 PNG	勾选 Sprite Sheet	开始导出；读取 ZIP	含 spritesheets PNG 和 atlas.json；坐标/帧数一致	Playwright+ZIP 校验	通过	Release	待分配	2026-08-09	—	—	真实 2 PNG Sprite Sheet ZIP 通过；spritesheets/atlas.json 存在、帧数一致且图集 PNG 可解码。
ORG-023	P0	序列处理	线上 GIF/MOV 限制	环境	适用	线上导出对话框	GIF、透明 MOV	打开导出对话框	两项禁用；显示依赖本地 FFmpeg 的说明	Playwright	通过	Release	待分配	2026-08-10	—	—	生产环境隔离 Edge 会话导入 2 张真实 PNG 后打开导出对话框；GIF 与透明 MOV 均为 disabled，页面显示“正在检查本地 FFmpeg…”提示。
ORG-024	P1	序列处理	未选择导出格式	异常	适用	导出对话框已打开	取消全部勾选	点击“开始导出”	阻止导出并提示至少选择一种格式	Playwright	未执行	Nightly	待分配	—	—	—	—
ORG-025	P0	序列处理	应用到当前动画并重映射	数据完整性	适用	动画有调参、框体、音频、挂件	删除/重排部分帧	在 /workspace/tools/organizer 删除或重排部分帧并应用；保存；刷新；重新打开动画；导出 ZIP	帧序重组成功；关联数据映射到正确新索引；刷新与重新打开后保持；ZIP 帧序和工作台一致	API+Playwright	通过	Release	待分配	2026-08-10	—	—	4 帧项目在原第 3 帧写入调参、播放时长、碰撞体、音频和挂件后按 N=2 减为 2 帧；全部数据精确迁移到新第 2 帧，旧索引清除；刷新 UI 保持，导出 ZIP 帧数与清单一致。
ORG-026	P0	序列处理	视频超过旧 300 帧上限	回归/边界	适用	浏览器支持测试视频；Nightly 设备内存充足	301 帧真实低分辨率视频；600 帧计数 mock	PR/单元以 mock 验证 301 与 600 均不禁用；Nightly 实际提取 301 帧并检查首尾与数量	提取按钮不因超过 300 帧禁用；真实提取完成且帧数和顺序正确；页面保持响应	单元 mock+Playwright Nightly	通过	Nightly	待分配	2026-08-10	—	—	Edge 使用 FFmpeg 生成的 16×16、60 FPS、H.264、恰好 301 帧 MP4 实际提取 301 帧；首尾文件名、数量与顺序正确，流程完成且页面保持响应。
ORG-027	P0	序列处理	视频超过旧总像素预算	回归/边界	适用	视频可解码；可 mock 抽帧计数与输出尺寸	count×缩放后输出宽×输出高 > 120,000,000（输出边长上限 2048 后计算）	PR/单元构造超过旧预算的计数与缩放后尺寸；同步控件并验证允许启动；Nightly 可用短视频实测	不显示“分辨率与帧数占用过大”；按钮不因旧预算禁用；抽帧流程正确启动并结束	单元+Playwright mock；Nightly 实测	通过	Nightly	待分配	2026-08-10	—	—	frame_organizer_video 定向单元 4/4 通过，覆盖超过旧帧数及解码像素预算时仍允许选择、同步控件并启动抽帧；未出现旧预算错误提示。
ORG-028	P0	序列处理	真实大工作集预览最低可读高度	视觉/可操作性	适用	已导入至少 53 帧的真实视频工作集	1114×674 内容区；53 帧；状态栏和 5 个页脚动作均显示	进入序列处理页；测量预览画布与源图显示区域；再滚动/操作全部页脚动作	预览保持明确的最低可读展示高度或可访问的独立预览模式；源图不被压缩为横向窄条；全部页脚动作仍可到达并点击	Edge 真实素材+boundingBox+截图	通过	Release	待分配	2026-08-10	BUG-20260810-005	本地 Edge 53 张 1920×1440 素材；Edge E2E	真实 53 张大图已全部导入并保持预览、速度栏和 5 个页脚动作可用；1120/1121×720/721 四个相邻断点无横向溢出、遮挡或预览坍缩。
ORG-029	P0	序列处理	原始/编辑结果状态可区分	状态/错误恢复	适用	工作集含至少 1 帧；可模拟抠图失败或未处理状态	成功编辑、未编辑、总像素预算失败三种状态	分别点“原始”和“编辑结果”；比较画布像素与控件状态；触发失败后再次切换	无编辑产出时“编辑结果”禁用或明确提示暂无结果；成功后切换改变实际来源；错误不会伪装成已切换	Playwright canvas pixel+ARIA 断言	部分通过	Release	待分配	2026-08-10	BUG-20260810-007	本地 Playwright 回归	新增 hasEditedResult 状态：未编辑时“编辑结果”禁用并提示；水平翻转或抠图回写后启用。已通过自动化，待生产真实抠图结果复测。
CUT-001	P0	批量抠图	多图加载与处理	闭环	适用	打开 /tools/cutout	2 张 PNG	选择图片；等待处理完成	状态显示 2 张；结果画布可见；无失败	Playwright	通过	PR	待分配	2026-08-09	—	—	Edge 双 PNG 批次处理通过；另以真实大图“程序员敌人.png”验证处理完成和结果画布可见。
CUT-002	P1	批量抠图	输入格式和损坏文件	异常	适用	抠图页已打开	合法 PNG + 损坏 PNG + 不支持文件	批量导入	合法项保留；非法项跳过/失败计数准确；页面继续可用	Playwright	未执行	Nightly	待分配	—	—	—	—
CUT-003	P0	批量抠图	背景取色和清除样本	正向	适用	纯色背景图片已加载	点击背景色像素	点击“背景清除”；点击画布；再点“清除样本”	新增样本并重算；清除样本后局部修正记录仍在	Playwright	通过	Release	待分配	2026-08-10	—	—	Edge 真实大图取样后新增背景样本并重算；先添加画笔修正，再清除样本，提示明确说明局部修正未删除且撤销仍可用。
CUT-004	P1	批量抠图	容差边界	边界	适用	图片已加载	-1、0、100	逐个设置容差并等待预览	均可处理；-1 使用自动估计；100 不引发崩溃	单元+Playwright	未执行	Nightly	待分配	—	—	—	—
CUT-005	P1	批量抠图	边缘清除增强	参数化	适用	带彩边素材	0、10、100	改变参数；比较 Alpha/差异视图	数值显示一致；边缘处理强度变化合理	视觉+像素断言	未执行	Nightly	待分配	—	—	—	Pro
CUT-006	P1	批量抠图	混合换色模式	参数化	适用	有背景混色素材	强度 0、100；通用/混合/褪色	组合切换参数	0 不产生混合换色；100 各模式输出可区分且稳定	像素单元+视觉	未执行	Nightly	待分配	—	—	—	Pro
CUT-007	P1	批量抠图	后处理参数边界	参数化	适用	带边缘污染素材	去污 0/100；半径 0/12；恢复 0/100；搜索 0/30；柔化 0/6	逐项设置最小/最大	输出成功；参数和值标签同步；无超界	单元+Playwright	未执行	Nightly	待分配	—	—	—	Pro
CUT-008	P1	批量抠图	高级 Alpha 参数	参数化	适用	含半透明边缘素材	柔化 0/24；色键柔边 0/100；低/高 0/255；硬阈值 0/48	展开高级区；设置边界	Alpha 输出随参数变化；边界值合法；无 NaN	单元+Playwright	未执行	Nightly	待分配	—	—	—	Pro
CUT-009	P1	批量抠图	连通清除开关	算法	适用	图内有封闭背景色孔洞	开/关	关闭处理并记录；开启“仅从画面边缘清除”再处理	开启时保留不连通内部区域；关闭时按全图色键处理	像素单元	未执行	Nightly	待分配	—	—	—	Pro
CUT-010	P1	批量抠图	柔性色键开关	算法	适用	复杂渐变背景	OKLab/YCbCr 开/关	切换并比较结果	开启后柔性颜色距离路径生效；主体未异常消失	像素单元	未执行	Nightly	待分配	—	—	—	Pro
CUT-011	P0	批量抠图	保护色工作流	闭环	适用	主体颜色接近背景	容差 0、40	吸取保护色；添加；执行背景清除；再清除保护色	受保护颜色保留；清除后恢复普通处理	Playwright+像素断言	通过	Release	待分配	2026-08-10	—	—	Edge 完成保护色添加、容差 40→0、清除；精确像素断言验证容差 0 和 40 均保留与背景相同的受保护 RGBA，清除保护后普通路径将其透明化。
CUT-012	P1	批量抠图	智能主体保护边界	参数化	适用	人物素材已加载	边界识别 0/55/100；扩展 0/2/8	框选主体；改变参数	保护预览同步；参数边界可用；主体保护区域合理	视觉+单元	未执行	Nightly	待分配	—	—	—	Pro
CUT-013	P0	批量抠图	画笔参数边界	参数化	适用	结果画布已加载	大小 1/100；硬度 1/100；不透明度 1/100	选择画笔；绘制相同路径	笔触尺寸、软硬和透明度符合参数；产生可撤销修正	Playwright+像素断言	通过	Release	待分配	2026-08-10	—	—	精确像素测试覆盖大小 1/100、硬度 1/100、不透明度 1/100；覆盖像素数、边缘 Alpha 与中心 Alpha 符合圆形笔刷定义，Edge 笔触可提交并撤销。
CUT-014	P0	批量抠图	橡皮擦与原图恢复笔	正向	适用	结果含可见主体	橡皮擦、原图恢复笔	擦除一块；再用恢复笔覆盖	先变透明；后按原图 RGBA 恢复；历史记录正确	Playwright+像素断言	通过	Release	待分配	2026-08-10	—	—	精确像素断言验证橡皮擦将 Alpha 清零，原图恢复笔恢复完整原始 RGBA；Edge 中两种工具均提交局部修正并进入历史栈。
CUT-015	P0	批量抠图	补色连通区域与整图	参数化	适用	同色区域既连通又分离	目标绿；容差 18；连通/整图	分别点击区域执行补色	连通只修改目标连通域；整图修改全部匹配像素	像素单元+Playwright	通过	Release	待分配	2026-08-10	—	—	分离同色区域像素夹具验证 connected 仅修改起点连通域，global 修改全部匹配 RGBA；Edge 补色操作可提交。
CUT-016	P0	批量抠图	无颜色和清空区域	正向	适用	结果画布已加载	透明目标	使用“无颜色”匹配区域；使用“清空区域”框选	对应像素 Alpha=0；范围准确	像素断言	通过	Release	待分配	2026-08-10	—	—	透明目标全局替换精确得到匹配像素 Alpha=0，非匹配像素保持；Edge 无颜色快捷键同步且清空区域操作提交成功。
CUT-017	P0	批量抠图	区域恢复完整 RGBA	回归	适用	区域先经补色/清空	矩形区域	点击“区域恢复”；框选已修改区域	框内所有像素恢复原图，包括原背景；框外不变	Playwright+像素断言	通过	Release	待分配	2026-08-10	—	—	2×2 多 Alpha/RGB 夹具先整区清空，再仅恢复指定矩形；框内完整 RGBA 等于原图，框外保持透明，Edge 区域恢复提交成功。
CUT-018	P0	批量抠图	局部修正撤销重做重置	状态	适用	连续完成 3 个修正	撤销/重做/清除修正	逐次操作	状态按历史栈准确回退/前进；重置清除所有局部修正	Playwright	通过	Release	待分配	2026-08-10	—	—	Edge 连续提交画笔、清空区域、区域恢复；逐次撤销 3 次、重做 3 次正确；清除修正后栈清空且该清除动作本身可撤销恢复。
CUT-019	P1	批量抠图	修复传播到全部帧	算法	适用	3 张有连续运动的素材	第 2 帧矩形修复	执行“传播到全部帧”	报告成功/失败数量；修复区域随运动匹配；不越界	单元+Playwright	未执行	Nightly	待分配	—	—	—	Pro
CUT-020	P0	批量抠图	A/B 候选生成与应用	闭环	适用	图片已加载	分割 35%；范围当前帧	生成 A/B；切换 A/B/B；应用 B；撤销	视图切换正确；应用后参数改变；撤销恢复基线	Playwright	通过	Release	待分配	2026-08-09	—	—	Edge 触控回归覆盖候选生成、对比、预设、应用和撤销，全部通过。
CUT-021	P1	批量抠图	A/B 分割线边界	边界	适用	A/B 已生成	5、95、4、96	拖动/输入分割值	5 和 95 生效；越界被约束；ARIA 值同步	Playwright	未执行	Nightly	待分配	—	—	—	—
CUT-022	P1	批量抠图	A/B 本地预设	状态	适用	A/B 已生成	预设名 40 字符	保存；载入为 B；删除；刷新后检查	保存/载入/删除成功；长度边界接受；持久策略符合设计	Playwright	未执行	Nightly	待分配	—	—	—	—
CUT-023	P0	批量抠图	批次包含排除与反选	状态	适用	4 张图片	包含/排除组合	全部排除；选择两张；反选；包含所选；导出	计数和缩略图状态准确；只导出包含项	Playwright+ZIP 校验	通过	Release	待分配	2026-08-10	—	—	Edge 4 图批次选择 2 张后反选仍为另 2 张，排除所选得到 2 included/2 excluded；ZIP 仅含 2 PNG，manifest totals 为 images=4、exported=2、excluded=2、failed=0。
CUT-024	P0	批量抠图	删除所选和清空批次确认	破坏性	适用	批次至少 2 张	删除、清空	每个操作先取消再确认	取消保持数据；确认只删除目标或清空全部；焦点恢复	Playwright	通过	Release	待分配	2026-08-09	—	—	Edge 回归分别覆盖删除所选与清空批次的取消、确认和焦点恢复；确认后队列准确归零。
CUT-025	P1	批量抠图	新建批次与会话恢复	状态	适用	批次有未导出结果	离开后返回；新建批次	验证恢复提示；新建先取消再确认	原批次可恢复；确认新建后状态完全重置	Playwright	通过	Nightly	待分配	2026-08-09	—	—	Edge 回归离开再返回后恢复 1 张图片；新建批次先取消保持，再确认后队列、状态和按钮全部重置。
CUT-026	P0	批量抠图	导出 ZIP 内容	闭环	适用	2 张有效图片	默认参数	点击“导出 ZIP”；解析下载	ZIP 含 2 张可解码 PNG 和 cutout-manifest.json；统计正确	Playwright+ZIP 校验	通过	Release	待分配	2026-08-09	—	—	Edge 双 PNG ZIP 解析通过：2 张 PNG 可解码，manifest totals 为 images=2、exported=2、failed=0；真实单图 ZIP 另行通过。
CUT-027	P0	批量抠图	替换当前动画确认	数据完整性	适用	从工作台载入当前动画	输出帧数与原帧一致	点击“替换当前动画”；取消一次；再确认；保存；进入项目中心查询并重新打开动画	取消不改变项目；确认后帧替换且调参关联保留；项目可查询；重新打开后抠图结果完整	API+Playwright	通过	Release	待分配	2026-08-10	OPT-20260810-001	—	2 帧真实大图项目先保存帧调参；工作台入口载入当前动画，取消替换不改项目，确认后 PNG 字节变化、调参关联保留；项目中心可查询，重新打开仍为 2 帧且调参值正确。
CUT-028	P1	批量抠图	画布缩放边界	边界	适用	图片已加载	12%、100%、800%	设置缩放；点击适应和 100%	缩放值、尺寸和按钮状态正确；工具坐标不漂移	Playwright+视觉	未执行	Nightly	待分配	—	—	—	—
CUT-029	P0	批量抠图	真实视频帧批量智能抠图总像素预算	端到端/容量	适用	从序列处理页载入真实视频提取工作集	53 帧；累计已解码像素超过 64MP	点击“智能抠图”；等待处理或预检结果；返回序列页检查编辑产出	不会以不可恢复的 64MP 总像素错误中断完整工作集；按产品策略完成分批/降采样，或在抽帧前提供可执行预检与调整路径	Edge 真实素材+状态断言	部分通过	Release	待分配	2026-08-10	BUG-20260810-006	本地单元、Playwright 与 Edge 工作台核对	已按稳定顺序和 64MP 像素预算自动拆分批次；单元验证 5×16MP 分为 4+1 且依次回写，本地 Edge 成功打开真实高分辨率工作台。仍需部署后用视频提取的原 53 帧完整走完全部批次。
TUN-001	P0	核心调参	三层变换隔离	数据完整性	适用	同角色 2 个动画，每组 2 帧	水平位置分别 +1/+2/+3	在全部动画、当前动画、帧三个范围依次修改	角色层影响两组；组层只影响当前组；帧层只影响选中帧	Playwright	通过	Release	待分配	2026-08-10	—	—	同角色双动画 Edge 精确回归：角色层 +1 两组共享；动画 A 组层 +2、帧层再步进 +3 得到绝对值 5；切到动画 B 后组/帧仍为 0，仅角色层保持 1。
TUN-002	P0	核心调参	变换步长	参数化	适用	工作台已加载	缩放 0.001；旋转 1；位置 1；Shift×10	点击步进按钮及 Shift+方向键	每次增减严格符合步长；显示值和画布同步	Playwright	通过	Release	待分配	2026-08-10	—	—	adjustment input 定向单元覆盖层级切换、缩放/旋转/位置步进及 multiplier=10，数值同步与更新调用正确；Edge 帧变换实测 1/0.001/1。
TUN-003	P1	核心调参	非等比缩放	正向	适用	展开高级变换	X +0.001；Y -0.001	分别调整横向/纵向拉伸	只改变对应轴；整体缩放和旋转不被意外重置	Playwright+视觉	未执行	Nightly	待分配	—	—	—	—
TUN-004	P0	核心调参	拖动画布移动角色	交互	不适用	工作台有当前动画	拖动 50×30 px	在画布拖动角色；保存并刷新	偏移按坐标换算更新；刷新后保持	Playwright	不适用	Release	待分配	2026-08-10	OPT-20260810-002	—	当前 UI 提示和指针实现均定义“拖动画布＝平移视图”，仅框体/附件有直接操纵分支，角色位移使用数值步进；需产品决定新增直拖角色交互或修改本用例。
TUN-005	P0	核心调参	保存与刷新持久性	闭环	适用	项目可保存	位置、缩放、旋转、参考帧	修改；点击“保存调参”；刷新	显示“已保存”；刷新后所有值一致	Playwright	通过	PR	待分配	2026-08-10	BUG-20260810-002（已修复）	docs/qa/2026-08-09-全链路测试执行记录.md	已修复并复测：帧变换与参考帧描述符均写入 tuning；加载时按 profile/animation/frame 重建冻结图片快照。18 条定向单元和永久 Edge 保存刷新回归通过；失效描述符安全清空。
TUN-006	P1	核心调参	保存修订冲突重试	异常	本地优先	拦截第一次保存返回 409	forced conflict	修改并保存两次	第一次显示冲突且保持脏状态；第二次成功	Playwright route mock	未执行	Nightly	待分配	—	—	—	API/本地环境优先
TUN-007	P0	核心调参	组总时长	参数化	适用	4 帧动画	1 ms、1000 ms	设置动画时长	总时长达到目标；各可播放帧按比例分配且不低于 1 ms	单元+Playwright	通过	Release	待分配	2026-08-10	—	—	Edge 4 帧动画设置 1000 ms 后 UI 精确保持；定向 timing 单元覆盖最小 1 ms、时长单位/FPS 换算及禁用帧排除。
TUN-008	P0	核心调参	单帧时长与冲突确认	异常	适用	组已有总时长覆盖	时间轴 +10 ms	修改单帧时长；取消一次；再确认	取消保持原值；确认清除组时长覆盖并应用帧时长	Playwright	通过	Release	待分配	2026-08-10	—	—	Edge 组时长 1000 ms 后点当前帧 +10 ms：取消保持原时长和组覆盖；再次确认后帧时长变化并清除冲突；单元同步覆盖。
TUN-009	P0	核心调参	禁用帧播放	正向	适用	3 帧动画	禁用第 2 帧	勾选“禁用此帧”；播放	播放跳过第 2 帧；时间轴显示禁用状态；保存后保持	Playwright	通过	Release	待分配	2026-08-10	—	—	Edge 第 2 帧禁用后时间轴显示 disabled，保存刷新后状态与复选框保持；playback 定向单元验证播放 helpers 跳过禁用帧。
TUN-010	P1	核心调参	参考帧与残影	正向	适用	至少 2 帧	第 1 帧为参考	设参考帧；切到第 2 帧；切换残影	残影显示参考帧；关闭后隐藏；状态保存	视觉回归	未执行	Nightly	待分配	—	—	—	—
TUN-011	P0	核心调参	多帧选择和删除	破坏性	适用	3 帧动画	Shift 连选 2 帧	多选；删除；先取消再确认	取消保持 3 帧；确认删除所选但禁止删光动画	Playwright	通过	Release	待分配	2026-08-10	—	—	Edge 4 帧 Shift 连选前 2 帧，取消删除保持 4 帧，确认后仅剩 2 帧；既有移动端回归另验证删光转为独立删除动画确认。
TUN-012	P1	核心调参	撤销重做快捷键	键盘	适用	工作台已加载	Cmd/Ctrl+Z、Cmd/Ctrl+Shift+Z	连续两次修改；撤销两次；重做两次	状态、画布和保存标记同步；无越界异常	Playwright	未执行	Nightly	待分配	—	—	—	—
TUN-013	P1	核心调参	焦点控件空格行为	可访问性	适用	工作台已加载	Space	聚焦帧卡、按钮、链接分别按 Space	执行控件原生行为；不误启动播放	Playwright	未执行	Nightly	待分配	—	—	—	—
TUN-014	P2	核心调参	主题和布局偏好	状态	适用	允许 localStorage	深色/浅色/彩蛋；侧栏；单行/总览	切换并刷新	偏好刷新后保持；无布局溢出	Playwright+视觉	未执行	Nightly	待分配	—	—	—	—
BOX-001	P0	碰撞框	三类框显示选择	参数化	适用	动画有自动框	受击框、攻击框、碰撞框	开启显示；单独及组合勾选	只绘制选中类型；颜色/标识可区分	Playwright+视觉	通过	Release	待分配	2026-08-10	—	—	攻击动画 Edge 会话中受击框、攻击框、碰撞框三项均 enabled，可单独/组合选中；定向渲染/选择单元验证类型过滤、颜色和选中顺序。
BOX-002	P0	碰撞框	启用禁用当前框	正向	适用	当前帧选中 hurtbox	开/关	切换“启用当前框体”；保存刷新	画布和数据同步；刷新后保持	Playwright	通过	Release	待分配	2026-08-10	—	—	Edge 选中 hurtbox 后禁用，保存刷新后仍为禁用；框模型与调整定向单元验证数据/画布同步。
BOX-003	P0	碰撞框	拖动与缩放框体	交互	适用	框体可见	移动 20 px；缩到 1×1	拖动主体和控制柄	坐标和尺寸准确；最小不小于 1×1；无反转 NaN	Playwright	通过	Release	待分配	2026-08-10	—	—	box geometry/transform/adjustment 定向单元覆盖屏幕到局部移动、缩放/旋转增量、控制柄命中、最小尺寸和有限数值不反转；相关 20 余项全部通过。
BOX-004	P1	碰撞框	框体随三层变换	数据完整性	适用	手调框已保存	角色/组/帧缩放	分别改变三层缩放	框体世界位置/尺寸按语义同步；保存值不重复缩放	单元+视觉	未执行	Nightly	待分配	—	—	—	Pro
BOX-005	P0	碰撞框	恢复自动框	正向	适用	当前帧框体已手调	恢复自动框	点击按钮；确认结果	手调覆盖移除；回到基于可见区域的自动框	Playwright	通过	Release	待分配	2026-08-10	—	—	Edge 禁用并保存 hurtbox 后点击“恢复自动框”，启用状态立即恢复；box defaults 单元验证基于可见区域生成自动框。
MED-001	P0	附件与音效	图片拖入当前帧	闭环	适用	当前帧可编辑	PNG 附件	拖到帧卡；移动/缩放；保存刷新	挂件出现且独立变换；刷新后恢复	Playwright	通过	Release	待分配	2026-08-10	—	—	Edge 将 PNG 拖入当前帧，附件出现，保存刷新后恢复；attachment manipulation 单元覆盖独立移动、滚轮缩放/旋转和缩放约束。
MED-002	P1	附件与音效	素材库应用序列	正向	适用	素材库有 3 张图；选择 3 帧	3 图→3 帧	全选素材；点击“应用序列”	按顺序绑定；每帧附件正确	Playwright	未执行	Nightly	待分配	—	—	—	Pro
MED-003	P1	附件与音效	附件图层顺序	交互	适用	同帧有 2 个附件	上移/下移	点击图层操作并观察画布	渲染顺序和列表顺序同步；保存后保持	Playwright+视觉	未执行	Nightly	待分配	—	—	—	Pro
MED-004	P0	附件与音效	音频绑定和删除	闭环	适用	当前帧可编辑	合法 WAV	拖入帧卡；保存刷新；点击 SFX 徽标取消/确认删除	绑定状态保存；取消不删；确认后删除	Playwright	通过	Release	待分配	2026-08-10	—	—	Edge 合法 WAV 拖入后 SFX 状态保存刷新保持；点击徽标取消保留，确认后删除；frame audio 定向单元同步通过。
MED-005	P1	附件与音效	非法附件和音频	异常	适用	当前帧可编辑	损坏 PNG、非音频文本	拖入帧卡	拒绝并提示；原绑定不受影响	Playwright	未执行	Nightly	待分配	—	—	—	Pro
TRL-001	P0	攻击拖尾	新手引导	正向	适用	攻击组支持拖尾	无	打开引导；下一步/上一步；定位；关闭	步骤和定位正确；焦点可用	Playwright	通过	Release	待分配	2026-08-10	—	—	Edge 攻击动画打开 5 步引导，01→02→01、定位并自动关闭成功，目标高亮唯一；guide 定向单元验证顺序和边界。
TRL-002	P0	攻击拖尾	关键帧棍子闭环	正向	适用	至少 3 帧攻击动画	起始帧和结束帧	开启拖尾；两帧分别加棍；拖动端点；播放	棍子保存；中间帧插值生成连续拖尾	Playwright+视觉	通过	Release	待分配	2026-08-10	—	—	Edge 3 帧 slash-attack 在第 1/3 帧添加棍子并保存，API 持久化 sticks.frame=[0,2]；拖尾定向单元验证关键区间插值和活动段采样。
TRL-003	P1	攻击拖尾	棍子删除与图层切换	正向	适用	当前帧已有棍子	角色前/后	切换图层；翻转贴图；删除当前棍子	渲染层和方向改变；删除仅影响当前棍子	Playwright	未执行	Nightly	待分配	—	—	—	Pro
TRL-004	P1	攻击拖尾	拖尾 PNG 管理	正向	适用	拖尾模式已开启	合法 PNG、非 PNG	选择合法 PNG；尝试非法文件；恢复默认	合法预览生效；非法拒绝；恢复后使用默认贴图	Playwright	未执行	Nightly	待分配	—	—	—	Pro
TRL-005	P1	攻击拖尾	头部弧度边界	边界	适用	拖尾 PNG 已加载	-100、0、100	逐个设置并预览	边界值接受；形状变化连续；无画布越界异常	视觉+单元	未执行	Nightly	待分配	—	—	—	Pro
TRL-006	P1	攻击拖尾	颜色模式	参数化	适用	拖尾可见	单色、渐变、贴图原色	切换模式；选择颜色；从角色吸色	每种模式渲染正确；吸色更新颜色值	Playwright+视觉	未执行	Nightly	待分配	—	—	—	Pro
TRL-007	P1	攻击拖尾	渐变节点编辑	交互	适用	颜色模式为渐变	0%、50%、100% 节点	添加/选择节点；改色；删除中间节点	渐变更新；端点约束合理；当前节点状态准确	Playwright	未执行	Nightly	待分配	—	—	—	Pro
TRL-008	P1	攻击拖尾	时间与质量边界	参数化	适用	拖尾已建立	前 0/60000；后 1/60000；采样 4/8；细腻 8/96；渐隐 0/95	逐项输入最小/最大并播放	全部边界可接受；摘要和渲染更新；无性能崩溃	单元+Playwright	未执行	Nightly	待分配	—	—	—	Pro
TRL-009	P1	攻击拖尾	预设保存删除	状态	适用	已编辑拖尾	名称 60 字符	保存预设；切换；删除	60 字符接受；参数完整恢复；删除不影响其他预设	Playwright	未执行	Nightly	待分配	—	—	—	Pro
SCT-001	P0	零散切片	图片载入三种方式	输入方式	适用	打开切片页	PNG/JPEG/WebP	文件选择、拖放、粘贴分别测试	均能加载并显示尺寸；旧素材替换规则明确	Playwright	通过	PR	待分配	2026-08-10	—	docs/qa/2026-08-09-全链路测试执行记录.md	Edge 真实文件输入精确通过：PNG、JPEG、WebP 均显示文件名与尺寸，连续替换沿用明确的自定义名称保留规则。
SCT-002	P0	零散切片	文件大小边界	边界	适用	切片页已加载	20 MB、20 MB+1 byte	分别导入	20 MB 接受（若像素预算合法）；超出显示“图片不能超过 20 MB”	单元+Playwright	通过	Release	待分配	2026-08-10	—	docs/qa/2026-08-09-全链路测试执行记录.md	Edge 精确边界通过：合法 PNG 补齐至 20 MB 可载入；20 MB+1 byte 被阻止，提示“图片不能超过 20 MB”，旧素材保持。
SCT-003	P0	零散切片	像素预算边界	边界	适用	可生成测试图片	2000 万、2000 万+1 像素	分别导入	边界内接受；超出提示 2000 万像素限制；无内存崩溃	单元	通过	Release	待分配	2026-08-10	—	docs/qa/2026-08-09-全链路测试执行记录.md	Edge 精确边界通过：5000×4000（2000 万像素）载入；5001×4000 被阻止并提示 2000 万像素限制；随后可继续载入小图。
SCT-004	P0	零散切片	三种检测模式	参数化	适用	含透明和纯色背景的散图	智能、Alpha、背景色键	分别检测	生成合理切片；模式文案和状态正确	单元+Playwright	通过	Release	待分配	2026-08-10	—	docs/qa/2026-08-09-全链路测试执行记录.md	Edge 与核心单元覆盖智能、Alpha、背景色键三种模式；模式状态、网格过滤和切片结果通过。
SCT-005	P1	零散切片	背景取色	正向	适用	背景色键模式	#98d79b 与画布样本	颜色框修改；画布点击取色；检测	颜色值同步为大写显示；检测使用新颜色	Playwright	未执行	Nightly	待分配	—	—	—	—
SCT-006	P0	零散切片	切片编辑与添加	交互	适用	检测到至少 2 框	移动、缩放、新增框	进入编辑/添加模式操作	坐标尺寸更新；新增框进入分组；不可缩成非法尺寸	Playwright	通过	Release	待分配	2026-08-10	—	docs/qa/2026-08-09-全链路测试执行记录.md	Edge 真实画布拖动、八向缩放、新增/删除框通过；边界夹紧和非法尺寸由编辑核心单元覆盖。
SCT-007	P1	零散切片	多选与历史	键盘	适用	至少 5 个框	Cmd/Ctrl、Shift、撤销/重做	切换选择、连续选择、移动后撤销重做	选择语义和历史恢复正确	Playwright	未执行	Nightly	待分配	—	—	—	—
SCT-008	P1	零散切片	按位置重分组	正向	适用	手动打乱分组/顺序	按位置重分组	点击按钮	按从上到下分组、组内从左到右；选择状态合理	单元+Playwright	未执行	Nightly	待分配	—	—	—	—
SCT-009	P1	零散切片	统一裁剪框	正向	适用	同组框尺寸不同	统一裁剪框	选择多个框；执行	目标框统一且底部中心对齐；不越源图边界	单元+Playwright	未执行	Nightly	待分配	—	—	—	—
SCT-010	P1	零散切片	小切片筛选阈值	参数化	适用	存在不同面积框	15%、30%、50%	逐个选择阈值并点击“选择小切片”	选中集合严格符合相对最大面积阈值	单元+Playwright	未执行	Nightly	待分配	—	—	—	—
SCT-011	P0	零散切片	分组播放	正向	适用	至少 2 组	播放本组、播放全部	依次播放/暂停	顺序按组及帧卡顺序；按钮状态和画布同步	Playwright	通过	Release	待分配	2026-08-10	—	docs/qa/2026-08-09-全链路测试执行记录.md	Edge 实际播放本组与播放全部均推进 data-frame-index，停止后预览隐藏，顺序与按钮状态正确。
SCT-012	P0	零散切片	智能抠图与统一画布	参数化	适用	一组尺寸不同切片	开/关智能抠图；开/关统一画布	导出并检查图片	抠图开时背景透明；统一画布开时组内同尺寸且底部居中	像素+ZIP/PNG 校验	通过	Release	待分配	2026-08-10	—	docs/qa/2026-08-09-全链路测试执行记录.md	Edge 智能抠图像素校验与统一画布交接 PNG 解码通过；开关关闭后输出尺寸恢复差异。
SCT-013	P0	零散切片	导出所选动画组	闭环	适用	至少 2 组且只选 1 组	每行最多 8 列	导出 Sprite Sheet	只含选中组；网格计划正确；PNG 可解码	Playwright+图像校验	通过	Release	待分配	2026-08-10	—	docs/qa/2026-08-09-全链路测试执行记录.md	Edge 精确下载通过：取消第 2 组后选择统计为 1/2，下载文件为可解码 PNG，状态显示仅导出 1 个动画组；网格计划单元通过。
SCT-014	P1	零散切片	输出尺寸限制	异常	适用	构造超大切片组合	32767 边长、6400 万像素	尝试导出	超预算被阻止并提示；页面保持可用	单元	未执行	Nightly	待分配	—	—	—	—
SCT-015	P0	零散切片	每组一个动画加入项目	闭环	适用	2 个选中组	名称 sprites	选择 separate；加入项目；完成预检；刷新；进入项目中心查询；打开两个目标动画	创建 2 个动画；刷新后项目仍可查询；两个动画的分组、帧数和帧顺序正确	API+Playwright	通过	PR	待分配	2026-08-10	—	docs/qa/2026-08-09-全链路测试执行记录.md	Edge 真实 handoff 通过：两组各 2 帧写入同一新项目的 2 个动画；两个深链参数同项目，打开与刷新后均为 2 帧。
SCT-016	P0	零散切片	合并为一个动画加入项目	闭环	适用	2 个选中组	merge；名称最多 80 字符	选择 merge；加入项目；刷新或关闭重开；进入项目中心查询；打开目标动画	创建 1 个动画；项目跨刷新恢复；顺序为组从上到下、组内从左到右；全部帧底部居中	API+Playwright	通过	Release	待分配	2026-08-10	—	docs/qa/2026-08-09-全链路测试执行记录.md	Edge 真实 handoff 通过：merge 写入 1 个 4 帧动画，打开与刷新后保持 4 帧；统一画布底部居中由交接 PNG 尺寸与核心单元覆盖。
SCT-017	P1	零散切片	加入项目像素预算	异常	适用	总帧像素接近限制	2400 万、超 2400 万	分别加入项目	边界内成功；超出阻止且不产生半成品	单元+API	未执行	Nightly	待分配	—	—	—	—
SCT-018	P0	零散切片	清空素材确认	破坏性	适用	已有识别和分组	清空素材	取消一次；再确认	取消保持全部状态；确认移除源图、框、分组和预览	Playwright	通过	Release	待分配	2026-08-10	—	docs/qa/2026-08-09-全链路测试执行记录.md	Edge 精确确认链通过：取消后源图和 4 帧保持；确认后源图、切片卡、分组选择与预览状态全部清空。
WMK-001	P0	视频去水印	视频载入与元数据	正向	适用	打开去水印页	320×180、12 FPS MP4	载入视频	显示文件名、320×180、12 FPS 和正确时长；播放可用	Playwright+FFmpeg fixture	通过	Release	待分配	2026-08-09	—	—	Edge 使用 FFmpeg 生成的 320×180、12 FPS MP4 完成载入，元数据显示正确并可进入修复流程。
WMK-002	P0	视频去水印	1 GB 上传限制	边界	适用	具备稀疏/模拟请求	1 GB、1 GB+1 byte	分别上传或 API 模拟 Content-Length	边界内进入解析；超出返回 413 和“视频超过 1 GB 限制”	API	通过	Release	待分配	2026-08-10	—	docs/qa/2026-08-09-全链路测试执行记录.md	服务端上传链精确检查 Content-Length 与落盘后实际大小，1 GB 为允许边界、超出返回 413；错误文案与前端预检一致。
WMK-003	P0	视频去水印	矩形选区创建与上限	边界	适用	视频已加载	8、9 个区域	连续画框	前 8 个成功；第 9 个阻止并提示上限	Playwright	通过	Release	待分配	2026-08-10	—	docs/qa/2026-08-09-全链路测试执行记录.md	区域验证单元通过：最多 8 个，越界数量稳定报错；Edge 矩形区域创建与导出链通过。
WMK-004	P1	视频去水印	角落快捷选区	参数化	适用	视频已加载	左上/右上/左下/右下	依次点击并检查坐标	区域位于对应角落、尺寸合法、默认时段约 3 秒	Playwright	未执行	Nightly	待分配	—	—	—	—
WMK-005	P0	视频去水印	区域时间参数	边界	适用	视频已加载且有区域	开始 0/末尾；结束边界；当前	编辑时间并点击“当前”	值限制在视频时长内；最小间隔=max(0.04,1/FPS)	单元+Playwright	通过	Release	待分配	2026-08-10	—	docs/qa/2026-08-09-全链路测试执行记录.md	时间参数单元覆盖末帧、时长范围与 FFmpeg 安全最小间隔；Edge 12 FPS 真实视频元数据链通过。
WMK-006	P1	视频去水印	键盘移动缩放删除	可访问性	适用	选中一个区域	方向键、Shift+方向键、Delete	执行键盘操作	普通方向键移动；Shift 调整尺寸；Delete 删除	Playwright	未执行	Nightly	待分配	—	—	—	—
WMK-007	P0	视频去水印	矩形修复导出	闭环	适用	视频有明显角落标记和区域	CRF 18	选择矩形修复；导出；等待下载	进度到 100%；输出 MP4 可播放；目标区域被修复；音轨保留	Playwright+FFmpeg 验证	通过	Release	待分配	2026-08-10	—	docs/qa/2026-08-09-全链路测试执行记录.md	Edge 使用真实 320×180/12 FPS MP4 完成矩形修复，进度完成并下载；ffprobe 确认可播放，目标区域亮度变化符合修复。
WMK-008	P0	视频去水印	智能白印导出	闭环	适用	视频含静态白印和前景遮挡	参考帧 0.5 秒	选择智能白印；选模板区域；导出	输出可播放；模板像素修复；遮挡前景尽量保留	Playwright+视觉	通过	Release	待分配	2026-08-10	—	docs/qa/2026-08-09-全链路测试执行记录.md	Edge 同一真实视频完成智能白印修复并下载；模板区域像素统计变化且输出可播放。
WMK-009	P1	视频去水印	参考帧参数边界	边界	适用	智能模式且有区域	0、时长、负数、超时长	输入并导出	合法边界接受；非法值约束/报错；旧下载链接失效	Playwright	未执行	Nightly	待分配	—	—	—	—
WMK-010	P1	视频去水印	重绘标题参数边界	参数化	适用	智能模式	文字 100 字；字号 8/400；描边 0/50；X/Y 0；颜色 #ffdf22	开启标题；设置边界；导出	边界接受；指定时间后标题位置、颜色、描边正确	Playwright+视觉	未执行	Nightly	待分配	—	—	—	—
WMK-011	P1	视频去水印	清除区域与清空视频	破坏性	适用	已有视频和区域	全部清除、清空视频	清除区域；清空视频先取消再确认	区域清除不删视频；取消保持视频；确认清空全部源状态	Playwright	未执行	Nightly	待分配	—	—	—	—
WMK-012	P1	视频去水印	导出串行与取消	并发	适用	可创建两个任务	任务 A、B	启动 A；再启动 B；取消活动任务	服务串行执行；取消状态准确；无残留错误下载	API+Playwright	未执行	Nightly	待分配	—	—	—	—
LIC-001	P0	授权	无效激活码	异常	适用	打开授权面板	XSXB-NOT-VALID	输入并激活	显示明确失败；面板保持；不生成已授权状态	Playwright	通过	PR	待分配	2026-08-09	—	—	Edge 回归显示 Invalid activation code、错误状态，输入仍可用且未激活。
LIC-002	P0	授权	有效激活码	闭环	部分适用	取得有效测试码	有效测试码	输入并激活	显示方案、有效期；授权 cookie/状态生效	Playwright	通过	Release	待分配	2026-08-09	—	—	使用 E2E 专用测试码完成激活；方案徽标、成功状态和刷新后持久化均通过。
LIC-003	P1	授权	激活码长度和空白	边界	适用	授权面板已打开	空；前后空格；512/513 字符	分别提交	空值阻止；空白处理一致；最大长度受控	Playwright	未执行	Nightly	待分配	—	—	—	—
LIC-004	P0	授权	Pro 导出拦截与续接	闭环	适用	使用任一 Pro 参数且未激活	例如局部修复	尝试导出；完成激活	首次弹授权；编辑不丢失；激活后继续导出	Playwright	通过	Release	待分配	2026-08-10	—	docs/qa/2026-08-09-全链路测试执行记录.md	激活控制器覆盖高级产出首次触发、编辑状态保留文案、兑换后 promise 续接；本地授权页面无效码/有效码持久化 Edge 链通过。
LIC-005	P1	授权	设备名额替换流程	边界	部分适用	设备名额已满	新设备	在新设备激活；翻页；选择替换	显示设备列表；替换成功；被替换设备失效	API+Playwright	未执行	Nightly	待分配	—	—	—	需要受控授权
LIC-006	P1	授权	解绑当前设备	破坏性	部分适用	当前设备已激活	当前设备	点击解绑；取消一次；再确认	取消保持授权；确认解绑并更新状态	Playwright	未执行	Nightly	待分配	—	—	—	需要有效授权
ADM-001	P0	管理员后台	登录校验	权限	部分适用	后台登录页可访问	合法用户名+6 位 TOTP；非法格式	分别登录	合法进入后台；非法用户名/TOTP 阻止且不泄露细节	Playwright	通过	Release	待分配	2026-08-10	—	docs/qa/2026-08-09-全链路测试执行记录.md	管理员定向单元通过：合法用户名+当前 TOTP 建立 4 小时 HttpOnly 会话；非法用户名、TOTP 重放和暴力尝试均阻止且不泄露字段。
ADM-002	P1	管理员后台	批量创建数量边界	边界	部分适用	已登录	1、100、0、101	创建激活码	1/100 成功且数量准确；0/101 被阻止	API+Playwright	未执行	Nightly	待分配	—	—	—	后台测试环境
ADM-003	P1	管理员后台	有效期和设备数边界	参数化	部分适用	已登录	天数 1/永久；设备 1/不限；兑换截止永久	创建并查询	授权属性与输入一致；永久值不会意外过期	API	未执行	Nightly	待分配	—	—	—	后台测试环境
ADM-004	P1	管理员后台	筛选搜索复制	正向	部分适用	已登录且有授权数据	激活码/试用；设备/地区关键词	切换筛选；搜索；复制所选/全部	列表和计数准确；剪贴板内容与选择一致	Playwright	未执行	Nightly	待分配	—	—	—	后台测试环境
ADM-005	P0	管理员后台	批量撤销恢复删除	破坏性	部分适用	已登录且有测试授权	选择 2 条	撤销；恢复；删除；每步核对	状态批量更新准确；删除需确认且只影响所选	API+Playwright	通过	Release	待分配	2026-08-10	—	docs/qa/2026-08-09-全链路测试执行记录.md	管理员仓储定向单元通过：选择批次的到期更新、撤销、恢复与删除仅作用目标记录；批量设备查询保持 D1 参数上限。
FLOW-001	P0	端到端连贯性	图片建项到导出完整链路	跨模块闭环	适用	清空测试浏览器项目；准备 2 张 PNG	项目 Flow Project；角色 Hero；动画 idle；12 FPS	首页进入项目中心；新建项目；导入图片；进入工作台调参并保存；返回项目中心查询；重新打开；导出 PNG ZIP	同一项目、角色、动画和 2 帧在各页面一致；调参刷新后保持；ZIP 文件与工作台一致	Playwright+ZIP 校验	通过	Release	待分配	2026-08-10	—	docs/qa/2026-08-09-全链路测试执行记录.md	真实 PNG 项目闭环已通过：建项、2 帧、调参保存、刷新、项目中心查询、重新打开及 PNG/Sprite Sheet ZIP 一致。
FLOW-002	P0	端到端连贯性	切片分组加入项目后查询	跨模块闭环	适用	切片页已识别 2 个动画组；目标项目存在	separate；每组至少 2 帧	选择两组；加入指定项目；完成预检；刷新；进入项目中心查询；分别打开两个动画	成功提示对应真实写入；项目可查询；两个动画均存在；组顺序、帧数和帧序正确	Playwright	通过	PR	待分配	2026-08-10	—	docs/qa/2026-08-09-全链路测试执行记录.md	Edge 切片 separate 真实闭环通过：2 个动画实际写入一个新项目，成功链接、组序、帧数与刷新后查询一致。
FLOW-003	P0	端到端连贯性	切片项目跨关闭重开恢复	持久化闭环	适用	IndexedDB 可用；已将切片合并到新浏览器项目	merge；3–5 帧 PNG	记录项目和动画；刷新；关闭页面；在同一浏览器持久化上下文重新访问站点；进入项目中心并打开目标动画	IndexedDB 恢复项目注册表、动画和全部帧；查询与编辑正常；不出现空项目假象	Playwright 同一持久化浏览器上下文	通过	PR	待分配	2026-08-10	—	docs/qa/2026-08-09-全链路测试执行记录.md	Edge 切片 merge 新项目打开与刷新保持 4 帧；浏览器存储定向单元确认 IndexedDB 恢复注册表、动画与全部帧。
FLOW-004	P0	端到端连贯性	大于 300 帧视频进入项目	跨模块回归	适用	准备低分辨率长视频；目标项目存在	预计 301 帧	视频抽帧 301 帧；预览首尾帧；加入项目；刷新；查询项目；打开动画	旧 300 帧限制不再拦截；项目内 301 帧完整且顺序正确；刷新后仍可查询	Playwright+视频 fixture	通过	Nightly	待分配	2026-08-10	—	docs/qa/2026-08-09-全链路测试执行记录.md	16×16、60 FPS、H.264、恰好 301 帧视频在 Edge 实际提取 301 帧；工作集无 300 帧拦截，浏览器原子交接/IndexedDB 持久化路径定向回归通过。
FLOW-005	P0	端到端连贯性	抠图替换到保存导出	跨模块闭环	适用	项目动画含调参和帧关联；从工作台进入抠图	2–3 帧；背景样本；局部修正	完成批量抠图；替换当前动画；保存；刷新；项目中心重新打开；导出 ZIP	抠图像素、帧数、调参和关联数据保持；刷新和导出结果一致	Playwright+像素/ZIP 校验	通过	Release	待分配	2026-08-10	—	docs/qa/2026-08-09-全链路测试执行记录.md	批量抠图 2 帧动画替换真实闭环通过：取消无变化，确认后像素变化、调参与关联保留，刷新和 ZIP 导出一致。
FLOW-006	P0	端到端连贯性	序列编辑结果全链路一致	数据一致性	适用	项目动画至少 6 帧	排序、减帧、翻转组合	在序列处理重排、减帧并翻转；应用当前动画；保存；刷新；重新打开；导出	网格、预览、工作台、刷新后状态和 ZIP 的帧序及翻转结果完全一致	API+Playwright+ZIP 校验	通过	Release	待分配	2026-08-10	—	docs/qa/2026-08-09-全链路测试执行记录.md	序列 4→2 帧排序/减帧/翻转组合精确通过；预览、工作台、刷新、ZIP 及调参/框体/音频/附件重映射一致。
FLOW-007	P0	端到端连贯性	多项目导入与数据隔离	跨项目状态	适用	已创建项目 A 和 B	A：切片动画；B：图片动画	向 A 加入切片；向 B 加入图片；反复切换；刷新；分别查询和打开	项目、动画、帧、调参和活动项目互不串写；URL 与当前项目一致	Playwright 多项目	通过	Release	待分配	2026-08-10	—	docs/qa/2026-08-09-全链路测试执行记录.md	多项目生命周期精确回归通过：项目切换、清空/删除确认、活动项目、URL、动画数据和调参均隔离。
FLOW-008	P0	端到端连贯性	新项目交接与深链打开	跨模块闭环	适用	快速工具已有可加入工作集	新项目 Handoff Project	交接时选择新建项目；完成写入；检查成功目标链接；进入项目中心查询；使用深链打开动画	项目只创建一次；注册表可查询；成功链接 project/animation 参数正确并打开真实动画	Playwright	通过	Release	待分配	2026-08-10	—	docs/qa/2026-08-09-全链路测试执行记录.md	Edge 切片新项目交接通过：项目只创建一次，两个成功链接共享 project 参数且 animation 各自唯一；深链可打开真实动画并跨刷新保持。
FLOW-009	P1	端到端连贯性	项目冲突修正后重试	异常恢复	适用	目标项目已有同名动画；切片工作集未写入	同名 idle → 改名 run	提交触发冲突；修改动画名；重新预检并提交；查询项目	冲突期间切片和目标选择保留；重试只写入一次 run；idle 不被覆盖	Playwright+API	未执行	Nightly	待分配	—	—	—	—
FLOW-010	P1	端到端连贯性	IndexedDB 不可用或配额不足	异常恢复	适用	可拦截 IndexedDB open/put	DOMException(name=QuotaExceededError)；IndexedDB open failure	加入浏览器项目；分别在 open 与 put 阶段注入失败；确认失败状态；恢复 IndexedDB 后重试	首次不显示虚假成功且不产生半成品；事务回滚；切片工作集保留；恢复后可成功且只写入一次	Playwright 注入+单元	未执行	Nightly	待分配	—	—	—	显式覆盖打开失败与配额异常
FLOW-011	P1	端到端连贯性	写入成功但工作台刷新失败	异常恢复	适用	拦截写入后的 loadConfig 刷新	任意 2 帧工作集	完成项目写入；让后续工作台刷新失败；手动刷新并查询目标项目	提示区分“已写入”和“刷新失败”；项目数据真实存在；手动刷新后可打开	Playwright route mock	未执行	Nightly	待分配	—	—	—	—
FLOW-012	P1	端到端连贯性	项目交接断网恢复重试	异常恢复	适用	工作集和目标选择已完成；可切换离线	预检或应用阶段断网	提交时断网；检查状态；恢复网络；不重新导入素材直接重试；查询项目	本地工作集和目标选择不丢失；错误可恢复；最终只写入一次且无半成品	Playwright route	未执行	Nightly	待分配	—	—	—	—
FLOW-013A	P1	端到端连贯性	服务端多标签修订冲突	并发一致性	本地优先	本地/API 服务可用；同项目在两个客户端打开；各自准备工作集	相同 baseRevision	两个客户端完成预检；近同时调用应用接口；重新查询项目	至少一方收到 revision_conflict 或要求重新预检；最终项目一致；不静默覆盖或重复写入	API 并发+Playwright 多页	未执行	Nightly	待分配	—	—	—	API/本地环境优先；验证服务端乐观锁
FLOW-013B	P1	端到端连贯性	云端 IndexedDB 多标签写入一致性	并发一致性	适用	同源两个标签加载同一浏览器项目快照；各自准备不同工作集	同一项目；两个标签	两个标签近同时加入项目；重新载入两个标签；进入项目中心查询并打开动画	不静默覆盖、不重复写入；过期标签检测状态变化或提示重新载入；最终项目注册表与动画帧一致	Playwright 多页+IndexedDB	未执行	Nightly	待分配	—	—	—	验证浏览器端多标签一致性，不假设服务端 revision API
FLOW-014	P1	端到端连贯性	跨工具前进后退与未保存状态	导航连续性	适用	工作台存在未保存调参；切片会话存在未加入结果	工作台→切片→项目中心	连续导航；分别取消和确认离开；使用浏览器后退/前进；返回原工具	离开保护只在需要时出现；取消保持原页面；确认后的状态符合选择；无重复弹窗或会话串页	Playwright	未执行	Nightly	待分配	—	—	—	—
VIS-001	P0	视觉可操作性	移动端固定批次操作栏不得遮挡处理参数	视觉回归/阻断	适用	工作台已进入批量图片处理；处理参数内容超过一屏	568×1620；处理参数页；底部批次操作栏	滚动处理参数到中部与底部；依次尝试透明替换及后续工具；点击被固定栏邻近的输入、切换和按钮	底部批次操作栏可折叠或页面预留足够底部空间；全部处理参数能滚动到固定栏上方并可点击；不得永久覆盖内容	Playwright screenshot+elementFromPoint+点击断言	通过	PR	待分配	2026-08-09	UI-BLOCK-001	用户截图；Edge 568×1620 真实 PNG 精确回归	复测通过并验证关闭：参数页与批次页互斥显示；最后一个可见参数可滚动到视口内、elementFromPoint 命中且可获得焦点，无固定栏覆盖。
VIS-002	P0	视觉可操作性	核心路由固定栏与内容遮挡巡检	视觉矩阵	适用	各核心页面可打开并具有可操作数据	390×844、568×1620、768×1024、1114×674、1366×768；首页/项目/序列/抠图/切片/工作台/去水印	逐页滚动顶部、中部和底部；展开所有固定、粘性及折叠面板；检查并点击每个主要操作区	导航、页脚、批次操作栏及侧栏不覆盖主要控件；被覆盖面积为 0；页面末尾操作均可到达并点击	Playwright 路由矩阵+截图+遮挡检测	部分通过	Release	待分配	2026-08-10	BUG-20260810-003；BUG-20260810-005	docs/qa/2026-08-09-全链路测试执行记录.md	本地 Edge 已核对序列页预览、状态和全部页脚动作可见，31 条 Edge E2E 全通过；其他核心路由和生产 53 帧矩阵尚未重跑，故不标记完全通过。
VIS-003	P0	视觉可操作性	新手引导关闭后交互完全恢复	遮罩/交互	适用	角色起稿或攻击拖尾引导可触发	完成、关闭、Escape、刷新	分别打开引导；使用完成、关闭和 Escape 退出；刷新后点击导航、画布、工具按钮和输入框	引导遮罩完全移除；body 滚动与 pointer-events 恢复；关闭后焦点回到合理位置；不再拦截任何背景控件	Playwright+elementFromPoint+DOM 遮罩断言	通过	PR	待分配	2026-08-10	—	docs/qa/2026-08-09-全链路测试执行记录.md	新手引导完成/关闭/Escape 与焦点恢复由 Edge 交互和引导控制器单元覆盖；关闭后背景控件可真实点击。
VIS-004	P0	视觉可操作性	弹窗关闭后无透明遮罩残留	遮罩/回归	适用	可触发导出、删除、离开保护、授权与确认弹窗	确认、取消、关闭按钮、Escape	逐类打开弹窗；分别用所有关闭路径退出；立即点击原触发器附近和页面主操作按钮	弹窗与 backdrop 同时移除；背景 inert、aria-hidden、overflow 和滚动锁恢复；页面无需刷新即可继续操作	Playwright DOM+点击断言	通过	PR	待分配	2026-08-10	—	docs/qa/2026-08-09-全链路测试执行记录.md	项目确认、序列确认、切片清空及多层工具弹窗均验证确认/取消/背景点击；backdrop、inert、aria-hidden 与滚动状态恢复。
VIS-005	P0	视觉可操作性	多层弹窗下拉菜单与提示层级	层级/z-index	适用	页面可同时出现弹窗、下拉菜单、颜色选择器和 Toast	dialog+select/color picker+toast	在弹窗内打开下拉或颜色选择器；触发 Toast；依次点击选项、弹窗按钮和关闭动作	当前交互浮层位于其所属弹窗上方；Toast 不遮住关闭或确认按钮；关闭顺序正确；底层页面不可误点	Playwright screenshot+hit-test	通过	Nightly	待分配	2026-08-10	—	docs/qa/2026-08-09-全链路测试执行记录.md	Edge 精确验证抠图弹窗位于其所属序列工作台上方，父层 inert；Toast/确认按钮命中与关闭顺序正常。
VIS-006	P0	视觉可操作性	长页面滚动到底后末项可见可点	滚动可达性	适用	处理参数、批量图片或时间轴面板存在足够多内容	首项、中间项、最后一项	使用滚轮、触摸滚动和键盘 End 到达底部；将最后一个输入框与按钮 scrollIntoView；执行操作	最后一项完整显示在固定栏上方；焦点与点击命中目标；滚动容器不被父级 overflow 截断；无滚动死区	Playwright scrollIntoView+boundingBox	通过	PR	待分配	2026-08-10	—	docs/qa/2026-08-09-全链路测试执行记录.md	568×1620 参数末项可滚动到固定操作栏上方并真实点击；触控套件无横向溢出与滚动死区。
VIS-007	P1	视觉可操作性	加载遮罩在成功失败取消后及时释放	异步遮罩	适用	可延迟图片处理、视频抽帧、导出或项目保存请求	成功、超时、异常、取消	启动操作并确认加载态；分别让请求成功、失败、超时和取消；随后尝试切换工具并再次执行	仅任务进行期间阻止重复操作；结束后遮罩、disabled 和 aria-busy 全部复位；失败提示不阻断重试	Playwright 网络注入+DOM 断言	未执行	Nightly	待分配	—	—	—	覆盖异步异常导致永久禁用
VIS-008	P1	视觉可操作性	Toast 与错误横幅不得阻挡关键操作	通知层	适用	可触发成功、警告和长错误消息	短文案、长文案、连续 5 条	在窄屏和桌面依次触发通知；点击导航、保存、导出和弹窗关闭按钮；等待自动消失	通知避开导航和主要操作区或允许关闭；连续通知不覆盖整屏；消失后不保留可拦截点击的节点	Playwright screenshot+hit-test	未执行	Nightly	待分配	—	—	—	长错误信息也必须可恢复
VIS-009	P1	视觉可操作性	横竖屏切换后控件仍可操作	响应式/旋转	适用	移动或平板视口已加载核心工作台	390×844↔844×390；768×1024↔1024×768	打开侧栏、批次操作和弹窗；切换横竖屏；继续滚动、输入和点击；再次旋转	布局在 visualViewport 更新后重排；无旧尺寸遮罩或固定栏；焦点控件仍在可见区域；无需刷新	Playwright viewport matrix+视觉	未执行	Nightly	待分配	—	—	—	覆盖 resize 后固定定位未更新
VIS-010	P1	视觉可操作性	浏览器缩放下无控件遮挡	缩放/可访问性	适用	桌面浏览器打开各主要功能页；序列页已加载 53 帧并可触发 64MP 错误	100%、125%、150%、200%；1280×720；正常态与错误态	逐级缩放；展开侧栏、弹窗和底部操作区；触发 64MP 长错误；滚动并操作最后一个控件	200% 下仍可通过重排或滚动访问所有功能；错误提示不挤压预览；无文字覆盖按钮；对话框确认与关闭始终可见	Playwright+Edge 真实素材+视觉回归	未执行	Release	待分配	—	—	—	兼顾低分辨率笔记本、53 帧工作态和无障碍缩放
VIS-011	P1	视觉可操作性	中英文长文案不挤压或覆盖操作	国际化视觉	适用	可切换中英文；可创建长项目与动画名称；次级操作已收纳进更多菜单	中英文；64 字符名称；长错误文案；更多菜单	切换语言；填入长名称；打开项目卡、面包屑、弹窗、批次操作栏和更多菜单；尝试所有邻近按钮	文本换行、截断或省略符合设计；更多菜单中英文标签不截断关键含义；不覆盖按钮与图标；完整信息可通过标题或详情查看	Playwright screenshot+boundingBox	未执行	Nightly	待分配	—	—	—	覆盖面包屑、固定栏和更多菜单拥挤
VIS-012	P1	视觉可操作性	移动端软键盘与安全区域适配	移动视觉	部分适用	移动设备或支持 visualViewport 的仿真环境	iOS/Android；输入框位于页面底部	聚焦项目名、参数或管理员输入框；显示软键盘；滚动并提交；隐藏键盘	当前输入和提交按钮位于键盘上方；固定栏不与键盘叠加；安全区域留白正确；键盘关闭后布局恢复	移动真机优先+Playwright visualViewport	未执行	Release	待分配	—	—	—	仿真不能完全替代真机
VIS-013	P1	视觉可操作性	关键页面视觉回归基线	截图回归	适用	固定夹具及 53 帧真实工作集；字体、主题和动画状态固定	100%、125%、150%、200%；正常态与 64MP 错误态	对首页、项目中心、序列处理、抠图、切片、工作台和去水印生成稳定截图；序列页额外覆盖 53 帧与 64MP 错误；对差异页执行真实点击断言	非预期位移、覆盖、裁切和层级变化触发失败；真实工作态预览保持可读；视觉通过不能替代点击断言；批准基线变更需记录原因	Playwright screenshot baseline+Edge 真实素材+交互断言	待基线确认	Release	待分配	2026-08-10	—	docs/qa/2026-08-09-全链路测试执行记录.md	24 项中 15 项一致；序列页 125%/150%/200% 共 9 项因预览/页脚流式重排出现差异；新增 53 帧正常态与 64MP 错误态基线，待真实用户点击复核。
VIS-014	P0	视觉可操作性	启用控件实际命中目标校验	命中测试	适用	页面已加载且主要控件处于 enabled	按钮、输入、切换、标签、画布工具；中心点与四角内缩 4px；1114×674	收集可见 enabled 控件；读取 boundingBox；在中心点和安全角点调用 elementFromPoint；点击代表性控件并核对结果	命中元素为目标或其合法子元素；无透明层或固定栏截获；实际点击触发唯一预期动作；失败输出遮挡元素路径	Playwright 通用 hit-test helper	通过	PR	待分配	2026-08-10	BUG-20260810-003	docs/qa/2026-08-09-全链路测试执行记录.md	序列页 1114×674 新增 4 个主要页脚动作的视口与中心命中回归；未再把 DOM 可见或截图存在当作可操作性的充分证据。
VIS-015	P1	视觉可操作性	侧栏折叠展开不覆盖主画布	面板布局	适用	工作台或抠图页具有侧栏与主画布	展开、折叠；390/768/1366 宽度	反复展开和折叠左右面板；切换标签；缩放画布；点击画布边缘工具	桌面端主内容重新计算宽度；窄屏侧栏作为可关闭抽屉且遮罩可退出；关闭后画布全部区域恢复点击	Playwright screenshot+canvas hit-test	未执行	Nightly	待分配	—	—	—	覆盖面板宽度与画布命中区域
VIS-016	P1	视觉可操作性	页面横向溢出不隐藏功能	溢出/边界	适用	长名称、宽表单、时间轴或大量标签可构造	320、390、568、768 px 宽度	检查 document.scrollWidth；访问左右边缘控件；滚动各独立面板；打开下拉与弹窗	页面不产生非预期横向滚动；必要的局部横向滚动有明确容器；任何控件都不会被裁切在不可达区域	Playwright scrollWidth+视觉	未执行	Nightly	待分配	—	—	—	最窄 320 px 用于发现极端阻断
VIS-017	P0	视觉可操作性	已导入工作态的信息密度与主工作区优先级	布局/渐进呈现	适用	已导入 25 帧与 53 帧真实工作集	1114×674、1366×768；已导入后默认状态	进入序列处理页；记录固定顶部/侧栏/页脚占用；检查导入设置、分析和全局入口的展开状态；操作主要编辑动作与预览	导入设置、低频分析和全局入口不长期侵占主工作区；帧缩略图区与预览区合计占主体可用高度的至少 60%；预览保持最低可读高度；主编辑操作一跳可达，次级动作可通过明确“更多”或折叠区到达	Edge 真实素材+截图+boundingBox+点击断言	通过	Release	待分配	2026-08-10	OPT-20260810-005	docs/qa/2026-08-09-全链路测试执行记录.md	本地 Edge 真实 53 张高分辨率素材确认默认收起导入设置与次级工具；紧凑工具栏、预览和页脚动作同时可达，Edge 断点回归通过。
VIS-018	P0	视觉可操作性	导入前后模式切换与布局恢复	状态驱动布局	适用	序列页可导入并清空真实图片工作集	空态、导入 25/53 帧、清空后	记录空态导入区；导入工作集；确认低频导入设置自动收起；清空工作集；重复一次	空态突出导入入口；导入后自动让位于缩略图和预览；清空后恢复导入入口；切换过程无跳动、重叠、丢失操作或错误焦点	Edge 视觉共享+真实点击+截图	通过	Release	待分配	2026-08-10	OPT-20260810-006	docs/qa/2026-08-09-全链路测试执行记录.md	Edge E2E 已覆盖空态→导入后自动收起→清空确认→恢复空态→重新导入后再次收起，全程无控件丢失或错误焦点。
VIS-019	P0	视觉可操作性	错误提示不得持续压缩主工作区	错误态布局	适用	已加载 53 帧高像素工作集且可触发处理错误	64MP 错误；中英文长文案；连续 3 次	触发智能抠图错误；切换中英文；重复触发；关闭或折叠提示；继续预览和编辑	错误可关闭或折叠且不永久占用主工作区；关闭后缩略图与预览立即恢复；重复错误不堆叠；主操作仍可见可点	Edge 真实素材+截图+hit-test	部分通过	Release	待分配	2026-08-10	BUG-20260810-006；BUG-20260810-008；OPT-20260810-007	docs/qa/2026-08-09-全链路测试执行记录.md	错误栏已移到预览上方并新增“关闭提示”，关闭后焦点回到智能抠图；本地 Edge 与 E2E 通过。中英文长文案连续 3 次及生产 53 帧待复测。
VIS-020	P1	视觉可操作性	折叠区与更多菜单键盘可访问	可访问性/渐进呈现	适用	页面具有折叠面板或更多菜单	鼠标、Tab、Enter、Space、Escape	用鼠标与键盘打开折叠区和更多菜单；遍历项目；Escape 关闭；再次打开	触发器具备正确 aria-expanded；焦点顺序符合视觉顺序；Enter/Space 可打开；Escape 关闭并把焦点还给触发器；菜单项可读可执行	Edge 键盘实测+AX 树+截图	通过	Nightly	待分配	2026-08-10	OPT-20260810-008	docs/qa/2026-08-09-全链路测试执行记录.md	原生按钮支持 Enter/Space；Edge E2E 验证 Escape 依次关闭最后展开的“更多工具”和“导入设置”，每次均把焦点还给对应触发器，aria-expanded 同步更新。
VIS-021	P0	视觉可操作性	响应式断点前后连续且无抖动	断点边界	适用	序列页已加载 53 帧真实工作集	高度 720/721；宽度 1120/1121；各自 ±1 px	依次设置断点前后视口；滚动主区域；展开工具栏与错误提示；点击页脚和预览控制	断点两侧工具栏换行、预览最低高度、滚动容器和页脚位置连续；不得出现 1px 变化导致按钮遮挡、预览坍缩或双滚动条	Playwright viewport 边界+Edge 视觉复核	通过	Release	待分配	2026-08-10	OPT-20260810-009	docs/qa/2026-08-09-全链路测试执行记录.md	新增 53 帧 Edge 断点回归，逐点覆盖 1120×720、1120×721、1121×720、1121×721；预览高度相邻差≤4px，无横向溢出、状态/速度交叠或页脚出视口。
ORG-030	P0	导入与序列	选择状态驱动操作栏密度	选择/布局	适用	工作集含至少 25 帧	0、1、部分、全选	依次取消全选、单选、多选和全选；观察操作栏；点击当前可用动作	只显示或强调与当前选择相关的主操作；不可用动作明确禁用且不长期占用大块主空间；选择计数、按钮状态和实际作用对象一致	Edge 真实点击+DOM 状态+截图	通过	Release	待分配	2026-08-10	OPT-20260810-010	docs/qa/2026-08-09-全链路测试执行记录.md	次级操作默认折叠；无选择时隐藏“删除选中”，无排除帧时隐藏“删除未入集”，空删除组不占空间；单元覆盖 0/1/排除状态，Edge 真实 53 帧核对 0→1 选择计数与按钮显隐一致。
ORG-031	P0	导入与序列	动态重排后预览重绘与坐标一致	预览/重排	适用	已加载 25/53 帧且预览可播放	折叠导入区、展开分析区、折叠侧栏、调整窗口	每次改变布局后播放并切换原始/编辑结果；点击缩略图；操作预览速度；记录当前帧和画布边界	预览保持原宽高比且不挤扁；当前帧、帧顺序与切换前一致；画布点击和控件坐标映射正确；无残影、黑屏或越界	Edge 视觉共享+截图+坐标命中	部分通过	Release	待分配	2026-08-10	BUG-20260810-005；BUG-20260810-007；OPT-20260810-011	docs/qa/2026-08-09-全链路测试执行记录.md	预览最小高度与编辑结果状态已修复，本地 Edge 和 E2E 通过；折叠/展开、侧栏和断点的完整坐标重排矩阵仍待执行。
ORG-032	P0	序列处理	直接导入超 64MP 的大图工作集	容量/内存	适用	序列页空态；浏览器支持本地多文件选择	53 张 1920×1440 PNG；总解码像素约 146MP	一次选择 53 张图片；等待导入完成；核对帧数、顺序、状态、预览和智能抠图入口	53 张均进入工作集且顺序稳定；不因处理会话的 64MP 总预算跳过后续图片；解码采用有界窗口；单张超 16MP 仍被拒绝；导入后预览与主操作可用	单元+Edge 真实素材+内存观察	通过	Release	待分配	2026-08-10	BUG-20260810-009	docs/qa/2026-08-09-全链路测试执行记录.md	原导入器把处理会话的 64MP 总预算误用于长期工作集，只接收 23/53。现改为逐张尺寸校验并按 4 张解码窗口处理；Edge 真实素材显示“已导入 53 张图片”，53/53 帧可预览。
VIS-022	P0	视觉可操作性	未确认的历史英文偏好迁移回中文	语言状态/迁移	适用	当前域名 localStorage 中存在旧版 xsxbFrameTuner.language=en，但不存在 languageExplicit 标记	主域名与 fast 域名；/tools/organizer	注入旧版英文偏好；打开序列处理页；核对标题和主要控件；再由用户点击 EN 并刷新	旧版来源不明的英文值自动回落为中文；只有用户主动点击语言按钮后才写入确认标记并持久化英文	单元+Edge 路由+生产资源核对	通过	Release	待分配	2026-08-10	BUG-20260810-011	用户生产截图+本地 Edge E2E	新增 languageExplicit 标记；无标记的遗留 en 自动迁移为 zh，明确选择仍可持久化。已部署 Cloudflare 版本 a8d755e8-aa8c-4340-9e57-26ba9c37876e。
VIS-023	P0	视觉可操作性	全站可见控件不得被裁切祖先静默截断	布局/缩放/国际化	适用	各工具页可打开；工作态页面加载确定性素材	首页、工作区、导入空态/工作态、整理、抠图、散图切片、水印；100%/125%/150%/200%；明确英文状态	逐页设置缩放并载入素材；检查页面整体 scrollWidth；遍历可见按钮、输入、选择框、标签、标题、提示和状态，向上查找 overflow-x:hidden/clip 祖先并比较左右边界	所有可见控件位于裁切祖先边界内；不得用 overflow:hidden 掩盖越界；英文长文案同样通过；视觉快照与当前确认布局一致	Edge 逐元素 boundingBox+视觉快照	通过	Release	待分配	2026-08-10	BUG-20260810-013	本地 Edge 视觉矩阵	8 页×4 缩放共 32/32；明确英文核心页 5/5。发现并修复工作区顶部工具栏、左栏数值控件和底部保存动作右侧裁切，新增散图切片与水印视觉基线。
CUT-030	P0	批量抠图	处理参数底部内容可滚动到达	布局/可操作性	适用	抠图工作台已载入图片；智能对比功能已移除	1600×900；浏览器缩放导致的等效短视口；背景清除参数	进入抠图工作台；确认不存在智能对比入口；滚动处理参数到最底部；操作透明替换等末尾参数	智能对比界面和脚本均不存在；处理参数占满侧栏可用高度且不越过批次操作；内部滚动可到达全部参数	Edge DOM+boundingBox+滚动断言	通过	Release	待分配	2026-08-10	BUG-20260810-010	用户截图+本地 Edge E2E	按产品决策完整删除智能对比 UI、A/B 控制器、预设存储、算法模块、运行时状态和专用测试；Edge 回归确认参数区完整可滚动。
CUT-031	P0	批量抠图	窄侧栏中英文参数控件不得横向裁切	布局/国际化/可操作性	适用	抠图工作台已载入图片；处理参数侧栏展开	1600×900；300–370px 侧栏；中文与明确选择的英文；常规/后处理/高级三页	分别切换中英文；依次打开三个参数页；滚动到页底；逐个核对标题、提示、滑杆、数值框、下拉框和按钮的左右边界	所有可见参数控件完整位于侧栏左右边界内；长标签允许换行；不得依赖横向滚动；三个参数页均可操作	Edge 逐元素 boundingBox+视觉截图	通过	Release	待分配	2026-08-10	BUG-20260810-012	用户截图+本地 Edge E2E	原三列参数网格受 range 输入固有宽度和英文长文案撑开后被 overflow:hidden 裁切；改为窄栏单列/两列自适应并为网格子项补 min-width:0。三个参数页逐元素边界回归通过。
ENV-001	P0	云端环境	Godot 本地能力限制	环境	适用	线上工作台	Godot 绝对路径	检查绑定/同步区域并尝试可见操作	线上不执行本地文件写入；按钮禁用/隐藏或提供清晰说明	Playwright	通过	PR	待分配	2026-08-10	—	docs/qa/2026-08-09-全链路测试执行记录.md	生产模式 Godot handoff 控件由控制器渲染为 hosted 禁用/说明状态；线上 Worker 不执行本地像素 POST 或本地路径写入。
ENV-002	P0	云端环境	浏览器项目跨刷新持久化	状态	适用	已创建浏览器项目并成功加入至少一个动画；IndexedDB 可用	2 帧 PNG	在同一浏览器与同一 origin 记录项目和动画；刷新；不清理站点数据；关闭页面后重新访问；进入项目中心查询并打开动画	项目注册表、动画组和帧由 IndexedDB 恢复；项目可查询并继续编辑；不得退回空临时工作区	Playwright 同一持久化上下文	通过	Release	待分配	2026-08-10	—	docs/qa/2026-08-09-全链路测试执行记录.md	Edge separate/merge 新项目均在打开后刷新保持 2/4 帧；浏览器项目存储定向单元确认注册表、动画组与帧从 IndexedDB 恢复。
ENV-003	P1	云端环境	离线/网络中断错误恢复	异常	适用	工作台已加载	阻断 API	保存、授权、加入项目、视频任务分别触发	显示可恢复错误；本地编辑不丢失；恢复网络后可重试	Playwright route	未执行	Nightly	待分配	—	—	—	—
ENV-004	P1	云端环境	多标签并发写入	并发	适用	同项目两个标签	同时保存/重组	制造修订冲突	至少一方明确冲突；最终数据一致，不静默覆盖	Playwright 多页	未执行	Nightly	待分配	—	—	—	—
ENV-005	P2	兼容性	Chrome 与 Edge 桌面兼容	兼容性	适用	最新版 Chrome/Edge	1440×900、1920×1080	执行 P0 冒烟集	行为一致；无浏览器专属错误	跨浏览器 Playwright	未执行	Nightly	待分配	—	—	—	—
ENV-006	P2	响应式	移动端关键操作	响应式	适用	390×640 视口	删除帧、确认框、工具导航	执行关键流程	弹窗不越屏；可点击目标≥48 px；无横向阻塞	Playwright+视觉	未执行	Nightly	待分配	—	—	—	—
ENV-007	P2	性能	大批次交互性能	性能	适用	真实或生成的 25、53、240 帧工作集	导入、滚动、选择、预览、抠图、时间轴、导出	分别记录加载、首个缩略图、全选、滚动、预览切帧、处理和导出时间；观察内存	25/53/240 帧下界面保持响应；选择和预览无明显输入延迟；进度准确；无持续内存增长或崩溃	性能基线+Performance trace	未执行	Nightly	待分配	—	—	—	把真实 53 帧交互延迟纳入基线，不只测 100–500 帧小图吞吐。
ENV-008	P2	可访问性	对话框焦点管理	可访问性	适用	可触发确认/授权/导出弹窗	Tab、Shift+Tab、Escape	打开弹窗；循环焦点；Escape 关闭	焦点困在弹窗内；关闭后回到触发器；背景 inert	Playwright+Axe	未执行	Nightly	待分配	—	—	—	—
